Quantity_Sold,Unit_Price,Profit,Discount,Month,Region,Product_Category,Sales_Channel,Customer_Type,Actual_Sales,Predicted_Sales
3,3022.1733333333336,2223.77,0.0,9,1,0,1,0,9066.52,9222.257485945607
2,11249.0,6922.85,0.1,5,1,1,1,1,22498.0,19602.113125489443
6,720.4766666666666,940.58,0.0,5,2,2,0,0,4322.86,9530.613404781074
2,10683.475,4572.55,0.15,5,2,0,1,0,21366.95,18197.115632727095
1,2748.04,670.52,0.05,5,3,1,1,1,2748.04,6122.682948071622
6,1509.3216666666667,-610.2,0.0,10,0,2,1,2,9055.93,9929.730177078087
3,5976.203333333334,5268.73,0.05,7,0,1,0,2,17928.61,14081.20157062091
9,625.1455555555556,1425.59,0.2,3,1,0,1,1,5626.31,13181.327133876255
9,2621.1388888888887,-879.74,0.05,4,2,1,1,0,23590.25,14410.277938067029
1,8683.99,2372.13,0.15,11,1,1,1,1,8683.99,14112.310713515151
5,4695.662,5469.24,0.0,2,1,1,0,1,23478.31,14649.062304976378
7,1715.9,3561.68,0.0,6,2,2,1,2,12011.3,12397.180133319885
8,1158.65,-986.36,0.05,4,1,1,1,1,9269.2,11627.167460861776
2,2322.4,1469.25,0.15,6,2,1,0,2,4644.8,7468.074394178083
2,6520.805,1010.08,0.15,5,3,0,0,2,13041.61,12174.16861898756
7,343.7685714285714,-405.96,0.1,7,2,2,1,1,2406.38,9762.578038279258
2,351.715,-75.5,0.2,12,2,2,0,0,703.43,4801.6668552280335
8,918.495,2239.74,0.15,3,2,1,1,2,7347.96,12465.233326306832
7,1857.818571428572,-845.21,0.1,2,0,0,0,1,13004.73,11798.922750951615
1,15235.78,-2316.63,0.3,9,3,1,0,2,15235.78,20697.512866262514
5,4745.004,6809.36,0.1,8,1,2,0,0,23725.02,15379.964550338422
8,1359.87875,-2146.84,0.1,11,3,1,1,0,10879.03,11393.971347268349
4,4030.0025,-641.16,0.05,2,2,1,0,2,16120.01,10811.237437202855
1,18616.17,2282.51,0.0,8,3,0,0,2,18616.17,25458.176640147612
7,2159.7585714285715,-3115.4,0.05,12,2,1,1,1,15118.31,10901.361489781902
2,3315.54,-141.98,0.3,7,1,2,0,1,6631.08,8624.440119312787
4,3290.2675,1504.8,0.2,9,1,2,0,0,13161.07,11101.714688128828
3,1392.1733333333334,29.91,0.2,11,3,2,1,1,4176.52,6850.560280853422
3,1390.2066666666667,-668.71,0.1,1,2,2,1,1,4170.62,6546.851904402367
7,1689.7514285714285,1866.13,0.1,1,0,0,1,1,11828.26,12270.81047584033
3,6541.97,-408.99,0.1,9,1,2,1,2,19625.91,12785.014498786139
9,1274.331111111111,2535.1,0.15,4,2,2,1,0,11468.98,14144.183555614896
6,1415.0433333333333,49.2,0.1,10,2,1,0,1,8490.26,10233.843247938967
1,21600.67,993.48,0.2,6,3,0,0,0,21600.67,29097.686047494084
8,1821.83375,-2920.98,0.3,4,3,0,1,2,14574.67,12111.955997440704
8,2605.995,6693.36,0.05,10,1,0,0,2,20847.96,15893.863478263078
3,1905.996666666667,-112.61,0.05,3,0,2,1,0,5717.99,7448.594990939517
3,7189.506666666667,5852.94,0.1,1,0,1,1,0,21568.52,15698.164620982572
7,143.1342857142857,28.51,0.2,6,2,1,1,0,1001.94,9895.718550524329
1,12068.07,3822.01,0.15,12,3,1,0,2,12068.07,18532.01094998321
1,21806.59,-1510.05,0.2,10,0,1,0,0,21806.59,28874.653919347664
10,2220.731,144.92,0.05,12,3,1,1,2,22207.31,15173.262298788797
3,5563.416666666667,1811.45,0.15,2,1,0,0,2,16690.25,12617.818321033697
3,3472.96,-1734.84,0.3,1,2,0,0,1,10418.88,9280.70080851198
10,1557.402,1772.66,0.0,10,2,0,1,1,15574.02,14904.712740747524
6,3697.723333333333,-5122.4,0.3,9,3,0,1,0,22186.34,11466.268121232486
9,1012.4588888888889,1040.48,0.0,6,3,2,1,1,9112.13,12881.181535013713
3,261.9866666666667,-147.16,0.3,3,2,2,1,0,785.96,5845.469209932368
10,2375.678,6098.24,0.05,11,2,2,1,2,23756.78,17373.12034629356
1,21381.93,-1919.56,0.0,12,0,1,0,1,21381.93,27754.79772469921
1,13978.29,-428.39,0.2,2,2,0,1,0,13978.29,19546.226824520592
9,1043.1611111111113,1622.46,0.05,9,2,2,0,0,9388.45,13524.261103903144
5,879.7280000000001,-849.07,0.3,9,3,1,1,0,4398.64,8401.256750766517
8,2997.2475,3114.35,0.05,5,3,2,1,0,23977.98,14931.666931488311
7,2648.02,4386.94,0.1,10,1,2,0,0,18536.14,14318.703838329353
10,1679.616,1990.96,0.15,5,2,2,1,2,16796.16,15500.750451551028
7,1788.19,-2097.66,0.1,2,1,2,1,1,12517.33,11066.076143083046
10,850.146,-1573.89,0.3,12,2,1,0,2,8501.46,13871.892863590985
1,6837.04,966.25,0.3,9,3,1,1,1,6837.04,11615.194036212142
8,2983.79,-3657.75,0.0,12,2,0,0,0,23870.32,12884.381126803124
2,5507.92,339.62,0.3,3,2,2,0,0,11015.84,11308.241879469588
8,2065.67,4738.78,0.3,11,0,1,0,0,16525.36,15375.349293193014
3,78.68666666666667,2.2,0.0,2,1,1,1,2,236.06,5034.442563992346
9,729.3611111111111,-356.24,0.1,2,0,0,0,2,6564.25,12791.513649658447
3,4634.206666666667,-2877.76,0.15,3,0,1,0,0,13902.62,10203.809580479898
9,1062.5433333333333,1444.88,0.3,10,3,1,0,0,9562.89,13927.924524295324
3,261.24,-19.53,0.3,11,3,1,0,1,783.72,5891.54543664891
4,4965.205,730.06,0.3,10,0,1,1,2,19860.82,12912.252312400064
4,2877.67,3558.96,0.2,12,1,1,1,0,11510.68,11037.755082096244
8,2124.4125,445.65,0.2,4,2,1,0,2,16995.3,13627.432950383227
7,1356.178571428571,-188.59,0.2,12,0,2,1,1,9493.25,11451.622509733494
6,1162.8516666666667,-187.94,0.1,9,3,0,0,0,6977.11,9759.07951299098
6,433.03833333333336,479.37,0.3,10,2,2,0,2,2598.23,9659.965263257836
6,1816.8533333333328,2737.85,0.15,5,3,2,0,0,10901.12,11633.679655185122
3,4709.943333333334,2332.9,0.3,3,3,1,0,1,14129.83,11940.866366369562
8,1467.25875,-2864.63,0.3,10,0,1,0,0,11738.07,12264.285060522825
2,10964.835,-2800.21,0.3,6,1,0,0,1,21929.67,16809.22262059661
9,367.6933333333333,-135.68,0.0,10,3,0,0,1,3309.24,11875.992381229478
1,21456.83,-460.08,0.1,3,0,0,1,2,21456.83,28333.738139989167
2,1641.795,214.31,0.05,5,0,1,0,0,3283.59,6300.659332990212
2,12301.275,8125.2,0.05,2,3,2,0,2,24602.55,21104.245286832913
1,18045.46,5402.61,0.2,12,3,0,0,1,18045.46,26231.6071004481
10,792.312,1638.4,0.2,1,0,2,0,2,7923.12,14871.919002919674
8,2354.985,-496.7,0.1,10,3,1,0,1,18839.88,13267.108797475285
3,5138.2733333333335,-1266.46,0.0,11,1,2,1,2,15414.82,10614.24306533891
3,1568.8100000000002,468.7,0.0,11,3,1,1,2,4706.43,6698.151705256583
5,1007.318,1314.99,0.2,11,2,1,0,1,5036.59,9275.495838276987
7,113.60285714285716,-118.44,0.15,6,3,0,0,2,795.22,9716.212798641998
3,8014.003333333333,6631.85,0.05,11,0,0,0,2,24042.01,16889.485651159608
10,1501.577,-1781.31,0.0,12,0,2,0,2,15015.77,14130.02345568473
9,428.41,-783.06,0.2,8,0,0,1,0,3855.69,12358.826741371393
5,1465.284,2549.05,0.0,3,1,2,1,0,7326.42,9746.726566763728
9,1155.6888888888889,2051.18,0.0,11,3,2,1,0,10401.2,13373.719604700866
6,2823.91,3521.47,0.15,10,0,2,0,2,16943.46,13327.615832279991
7,2203.417142857143,-2759.01,0.15,7,2,1,0,1,15423.92,11504.981582627244
5,4952.09,2168.71,0.0,11,3,1,1,2,24760.45,13444.319111512206
9,1813.805555555556,4751.8,0.15,4,3,2,0,0,16324.25,15569.363531887564
1,2222.13,306.74,0.15,7,3,0,1,1,2222.13,5582.092641021894
2,6919.92,2452.55,0.0,9,1,1,0,2,13839.84,12980.591284319167
2,6179.335,3270.06,0.15,5,1,2,0,0,12358.67,12788.055844065075
7,1285.7885714285717,-1073.64,0.3,1,3,0,0,2,9000.52,11165.140470801092
9,619.0155555555556,54.88,0.05,12,3,1,1,1,5571.14,12170.622539627504
4,6135.655,-4362.48,0.3,4,2,2,0,1,24542.62,12735.438635799577
2,9777.755,-1651.56,0.2,6,3,0,0,2,19555.51,15301.608531656164
4,2227.87,-1103.35,0.3,1,1,1,1,0,8911.48,9065.002425767263
1,4289.11,-447.65,0.15,12,1,1,1,2,4289.11,7984.085276320243
5,3665.654,4674.91,0.15,7,3,1,1,0,18328.27,13117.476315841323
4,711.1425,579.19,0.0,8,0,2,0,1,2844.57,7384.057121904941
2,3286.61,475.77,0.15,6,3,2,1,0,6573.22,8067.431999594807
3,2629.56,-585.2,0.1,11,1,0,0,0,7888.68,8278.63454142958
7,2013.542857142857,1294.76,0.15,4,1,1,0,1,14094.8,12681.514209084444
9,1676.5155555555557,335.39,0.2,10,2,2,0,0,15088.64,14205.088847164136
3,6667.783333333333,-3362.57,0.3,7,3,0,0,0,20003.35,12444.22503062027
5,1681.362,2498.93,0.05,5,0,2,1,2,8406.81,10152.41234979132
3,2320.3766666666666,-479.59,0.2,11,1,1,0,2,6961.13,8148.319469840346
6,3052.5750000000003,5748.8,0.0,6,2,1,1,0,18315.45,13599.098337013635
4,893.84,955.68,0.05,5,1,2,0,1,3575.36,7739.254595084935
1,21282.5,1153.75,0.05,8,1,0,0,1,21282.5,28611.320787268036
3,5527.05,2266.74,0.3,6,3,2,0,1,16581.15,12897.812698544638
6,2777.646666666667,-3771.68,0.15,12,1,1,0,0,16665.88,10875.304405874906
3,7614.553333333333,-257.97,0.15,3,0,2,0,1,22843.66,14563.239300760179
8,2621.30875,-3630.54,0.1,11,1,1,1,2,20970.47,12585.77462466693
8,2231.57,4137.22,0.15,7,2,2,1,1,17852.56,14650.632389339487
2,3360.575,221.0,0.2,1,3,2,0,0,6721.15,8399.719845166383
5,1326.044,1954.89,0.2,12,2,1,1,1,6630.22,9660.657733559301
9,946.5011111111112,2787.61,0.0,10,3,1,1,2,8518.51,13294.368216726254
1,22636.82,-2794.16,0.2,3,0,1,0,1,22636.82,29457.439515934362
1,7929.08,-676.64,0.1,9,1,2,1,1,7929.08,12168.991596019983
2,6967.59,732.2,0.05,11,1,1,0,0,13935.18,12645.195758140786
9,317.11555555555555,-490.5,0.15,5,3,0,0,2,2854.04,12042.376701109295
7,1273.97,1669.98,0.1,3,0,0,1,2,8917.79,11684.426342987299
8,884.52375,-179.15,0.0,9,2,2,0,2,7076.19,11506.208669043666
10,340.23400000000004,-435.9,0.0,5,2,0,1,2,3402.34,12760.384227188482
10,1131.5790000000002,667.36,0.1,6,2,0,0,1,11315.79,14485.330427083914
10,468.925,1299.54,0.15,2,1,1,1,2,4689.25,13944.201661585312
8,2780.63,4187.55,0.0,4,2,2,1,0,22245.04,15011.333113040148
1,6239.97,-130.0,0.2,3,3,0,0,1,6239.97,10526.69799901247
8,903.0775,-208.5,0.0,5,3,0,0,2,7224.62,11385.159305523934
6,2005.3533333333328,2977.86,0.05,11,3,1,1,0,12032.12,11468.071685216983
10,1057.233,11.0,0.05,4,2,2,1,2,10572.33,13912.993911354537
5,3805.64,-2079.99,0.2,8,0,0,0,0,19028.2,11744.596727707036
4,4798.7225,5975.08,0.1,2,1,0,1,1,19194.89,13846.942969990583
10,1070.126,312.06,0.2,9,1,1,1,2,10701.26,14429.501355292032
2,9160.96,-1656.99,0.05,7,1,2,0,0,18321.92,14526.693864646473
5,2242.138,-2488.07,0.3,12,2,2,1,2,11210.69,9566.53458379011
9,1246.2833333333333,279.83,0.15,1,3,1,1,2,11216.55,13234.440292896468
4,1161.6925,-690.04,0.1,1,1,1,0,0,4646.77,7667.766016641723
1,21594.18,-4949.51,0.15,5,3,0,0,1,21594.18,27076.2763674874
10,406.111,1088.88,0.15,9,0,0,1,1,4061.11,13882.71319662365
5,3406.4260000000004,5715.86,0.0,12,1,0,1,1,17032.13,12945.627128875502
1,21010.76,-2275.42,0.1,1,1,0,0,2,21010.76,27323.229885762164
2,6396.935,3532.29,0.2,4,0,0,0,1,12793.87,13286.509514276004
4,1402.9975,-411.75,0.05,12,2,1,0,1,5611.99,7753.0580244987705
1,420.5,-64.41,0.05,7,2,0,1,2,420.5,3184.945901997329
2,9012.26,1540.54,0.05,6,0,2,0,0,18024.52,15472.914122076747
2,9630.625,-1128.23,0.1,11,0,2,0,0,19261.25,15454.710553892017
2,10452.145,3951.13,0.1,9,1,1,1,0,20904.29,17724.455410632865
4,6222.185,137.02,0.2,1,2,0,0,2,24888.74,13979.38760113585
2,1202.285,-426.44,0.05,6,0,0,0,0,2404.57,5551.187741848647
7,1477.1285714285714,-41.84,0.05,7,3,0,1,1,10339.9,10957.02406124868
7,32.73285714285714,6.24,0.2,6,1,0,1,0,229.13,9842.637829503923
7,1675.8257142857144,1725.71,0.3,4,3,1,1,1,11730.78,12355.120217568781
7,143.0857142857143,217.23,0.3,9,1,0,0,1,1001.6,10423.222602086176
4,1407.0,1259.78,0.15,3,3,1,0,1,5628.0,8444.633634944705
10,955.377,-2085.1,0.2,1,2,0,1,2,9553.77,13439.318762991803
10,2087.848,-2722.67,0.3,9,0,2,0,0,20878.48,15269.148827896797
2,8675.315,-3783.75,0.3,6,1,1,0,0,17350.63,13829.789616353331
1,18992.68,-2999.04,0.15,4,0,2,0,0,18992.68,25001.062661690565
4,5387.45,-2440.76,0.15,9,3,0,1,1,21549.8,11753.763044801588
8,3088.50625,-5629.46,0.15,1,2,0,1,1,24708.05,12556.709053995417
4,904.8425,-641.97,0.0,12,3,0,0,0,3619.37,6871.043858122664
3,5340.3966666666665,2033.81,0.0,7,3,2,0,1,16021.19,11915.660860938104
10,1806.942,1935.3,0.0,4,0,0,0,2,18069.42,15657.121645316167
10,568.787,-136.24,0.0,11,1,1,0,2,5687.87,13420.860576518919
2,3028.01,-772.27,0.05,10,3,2,0,1,6056.02,7289.559022947139
9,2441.8022222222226,3211.18,0.05,12,3,1,0,1,21976.22,15520.571840515295
8,1093.02875,240.15,0.0,8,1,0,0,1,8744.23,11976.517455975874
7,1879.7014285714288,3145.67,0.3,11,2,2,0,1,13157.91,13336.764859646115
5,566.432,208.48,0.3,8,3,1,1,1,2832.16,8345.29234692832
1,9480.17,-2061.04,0.3,9,1,2,0,1,9480.17,14215.5633134882
10,1195.254,-674.33,0.05,2,2,1,1,1,11952.54,13869.509293001285
10,243.912,295.84,0.15,10,2,2,1,2,2439.12,13242.453855916483
1,17799.45,-1847.45,0.15,9,1,2,1,2,17799.45,23586.590539768084
9,1789.0266666666666,4731.53,0.1,7,0,1,0,0,16101.24,15705.409934756912
1,448.29,131.07,0.05,10,3,0,1,2,448.29,3160.918667742707
7,2154.9557142857143,-3029.39,0.15,8,1,2,1,2,15084.69,11271.87037616597
1,3715.13,992.86,0.3,4,0,1,1,0,3715.13,8287.275649759631
10,2478.177,2321.72,0.2,5,1,1,1,2,24781.77,16750.472018665667
3,7937.896666666666,-5419.94,0.3,5,1,0,0,0,23813.69,13519.750956845946
7,1289.26,-1500.15,0.3,5,3,2,1,2,9024.82,10870.509711082666
3,5588.490000000001,-1038.57,0.2,7,3,0,0,0,16765.47,11672.796325680078
4,3193.135,-770.91,0.1,9,2,2,0,0,12772.54,9932.210908495717
7,3390.664285714286,4882.32,0.3,5,1,2,1,1,23734.65,15617.075391750714
8,1384.37,2200.61,0.2,5,0,2,1,2,11074.96,13345.55439443482
9,2620.771111111111,-4307.89,0.0,4,3,0,0,2,23586.94,13227.060565789132
3,5184.349999999999,1041.24,0.1,6,2,2,0,1,15553.05,11755.01391964996
1,12948.18,-53.99,0.05,3,0,1,0,1,12948.18,18500.694219067453
6,2068.741666666667,3116.11,0.2,5,2,2,0,2,12412.45,12225.525888305698
8,2670.15125,5617.61,0.1,9,2,2,0,0,21361.21,15731.184346068958
3,6117.96,4408.54,0.2,3,2,0,1,2,18353.88,13909.062250116454
10,1906.693,5024.49,0.3,12,1,2,0,2,19066.93,17340.292230639472
2,4464.61,2348.83,0.2,12,3,1,0,0,8929.22,10314.766595910556
1,17274.55,3729.27,0.2,4,2,0,1,2,17274.55,24713.359532618328
5,4069.526,-2947.97,0.2,8,2,0,0,2,20347.63,11522.755662642896
9,2474.3322222222223,2448.45,0.2,11,3,2,0,2,22268.99,15661.79815966096
5,4231.978,-848.04,0.15,2,2,0,1,0,21159.89,12146.232275973764
10,1015.145,2574.03,0.3,6,2,0,0,1,10151.45,15406.107681177078
10,78.452,126.45,0.05,11,3,2,0,2,784.52,12845.363405894252
8,2573.88375,6854.75,0.05,6,0,2,1,0,20591.07,15929.121393802308
2,12321.885,-1802.79,0.3,7,1,0,0,1,24643.77,18729.026556449455
9,620.7633333333333,-1103.67,0.0,5,2,1,1,0,5586.87,11850.782632224806
6,1054.5466666666666,1807.61,0.15,3,3,2,0,0,6327.28,10444.06237151223
8,1482.6675,2475.87,0.1,6,1,2,0,0,11861.34,13448.541530585358
1,16967.21,-1809.89,0.05,11,2,2,1,0,16967.21,22316.50686813723
9,602.7777777777778,1387.86,0.0,1,0,1,1,1,5425.0,12823.937638139963
10,498.519,-684.77,0.1,11,1,1,0,2,4985.19,13391.730269929334
5,425.872,-446.15,0.2,10,0,2,1,2,2129.36,8053.742434170425
8,2806.345,-279.77,0.3,3,0,2,0,2,22450.76,14672.756365136065
1,15482.72,1639.6,0.15,12,1,2,1,1,15482.72,21955.532433439468
7,1803.2342857142853,-1587.65,0.0,1,2,2,0,0,12622.64,11129.452539550093
9,1764.2555555555557,-1017.97,0.1,2,0,1,0,1,15878.3,13853.756038842615
8,2187.72375,512.68,0.0,8,0,1,1,0,17501.79,13320.857460789608
6,1987.4483333333333,-1565.55,0.3,2,1,0,0,0,11924.69,10997.565991311852
3,4507.683333333333,3324.26,0.1,6,1,2,1,2,13523.05,11567.700564614788
10,1676.574,3748.6,0.0,2,3,0,0,2,16765.74,15764.87430658969
2,6023.045,672.01,0.3,10,1,0,0,2,12046.09,12011.574237067049
6,2348.3766666666666,-525.05,0.1,4,1,2,0,1,14090.26,11311.078722021299
6,1991.815,842.89,0.2,10,2,2,0,2,11950.89,11394.620559701962
2,3256.025,-352.97,0.05,8,2,1,1,1,6512.05,7594.469903079264
6,1068.9266666666667,-217.39,0.1,12,1,1,1,0,6413.56,9670.119567715641
2,7535.5,1481.53,0.0,9,1,0,0,2,15071.0,13381.108815074522
6,782.9183333333334,1236.9,0.15,1,3,1,1,0,4697.51,9736.997746177965
7,1996.037142857143,-285.91,0.05,10,1,1,0,1,13972.26,11908.372544446696
4,296.9075,108.38,0.2,1,0,0,0,1,1187.63,7184.661419945582
10,1156.23,1424.09,0.0,2,2,1,0,1,11562.3,14564.376056782452
6,1560.6816666666666,691.07,0.15,5,0,0,0,1,9364.09,10935.200913453538
1,17086.49,1112.84,0.0,5,3,2,0,0,17086.49,23377.758895115723
10,1774.788,183.21,0.0,1,0,0,0,2,17747.88,15076.851055553789
6,3474.773333333333,-514.5,0.15,3,2,2,1,0,20848.64,12493.141367150944
6,1472.371666666667,-1874.54,0.15,4,1,1,1,2,8834.23,9723.617835235182
9,1991.7344444444443,-3452.85,0.15,6,2,0,1,0,17925.61,13047.93281562237
3,5491.913333333334,-2521.93,0.15,3,2,0,1,1,16475.74,10883.638353086051
9,1635.3566666666666,-1128.54,0.2,3,0,2,1,0,14718.21,13743.828428158873
4,1494.175,-496.78,0.3,6,1,1,0,0,5976.7,8557.968877583313
8,536.41875,-441.03,0.15,2,3,0,1,1,4291.35,11063.299339782934
4,4864.455,-1012.58,0.2,9,1,1,0,0,19457.82,12148.984744895997
2,11123.52,2149.03,0.3,5,0,1,1,1,22247.04,18504.819944292474
5,2115.21,1611.21,0.15,8,2,2,0,0,10576.05,10625.767600130292
5,2369.084,3397.01,0.3,9,1,1,1,2,11845.42,11676.262063369715
5,4619.1720000000005,-4885.93,0.15,3,1,1,1,2,23095.86,11404.842044454948
7,3101.3857142857146,-2210.99,0.05,1,1,0,1,0,21709.7,12456.615140798933
9,1409.9522222222222,3347.36,0.15,3,2,0,1,1,12689.57,14499.103784024217
3,7632.903333333333,5180.13,0.1,3,2,2,0,0,22898.71,16002.175689682494
3,5900.27,-870.39,0.3,3,0,2,1,0,17700.81,12511.81559765116
7,230.99142857142857,116.72,0.2,7,0,2,1,1,1616.94,10235.165241807055
2,285.235,11.94,0.05,2,3,0,1,1,570.47,4085.3607378369284
8,71.905,33.63,0.05,2,3,1,0,0,575.24,10671.3961947112
2,10015.75,-1011.36,0.15,10,0,2,0,2,20031.5,16019.264905046717
2,4989.57,-111.34,0.3,2,1,1,0,2,9979.14,10593.33342714032
2,1050.995,-250.53,0.05,2,0,2,1,2,2101.99,5249.650703226123
7,1374.4542857142858,-1477.79,0.05,9,0,2,1,0,9621.18,10759.408693252797
2,8302.695,4121.58,0.0,5,1,2,1,1,16605.39,15018.008108012531
9,901.0,-1521.92,0.05,9,1,1,1,1,8109.0,12231.244142368805
9,1727.9888888888888,-1596.48,0.05,9,0,0,1,0,15551.9,13295.936859348898
10,1735.239,-2620.92,0.1,12,3,1,1,2,17352.39,13836.554734236519
9,480.70666666666665,315.34,0.3,8,1,0,1,2,4326.36,12842.73400549897
2,4899.725,1273.96,0.0,3,3,1,1,2,9799.45,9833.86975786052
7,883.51,-1462.09,0.3,4,1,2,0,1,6184.57,10833.268593430448
7,1792.43,3332.84,0.2,3,1,1,0,1,12547.01,13182.323132257328
3,5822.816666666667,-1136.52,0.15,12,3,2,1,2,17468.45,11590.990409436045
8,1477.315,-2127.15,0.2,8,3,1,0,0,11818.52,11970.316832120669
2,8359.42,4166.6,0.2,2,3,2,0,0,16718.84,15568.40012088571
10,1264.4299999999998,-2702.44,0.3,5,1,0,1,0,12644.3,13974.978421815476
1,378.33,-50.73,0.3,1,1,2,0,1,378.33,4097.547319060044
4,6197.0375,-912.23,0.3,5,3,0,0,2,24788.15,13722.385462904042
10,1803.642,643.59,0.0,7,2,2,0,0,18036.42,15109.401167381606
3,539.57,193.0,0.1,9,0,1,0,0,1618.71,6184.477331161493
8,2132.52125,-1928.28,0.15,8,3,2,1,1,17060.17,12503.283750073382
10,2362.075,6990.25,0.15,7,3,2,1,1,23620.75,17800.14242294163
5,4621.04,2060.81,0.05,3,3,0,1,2,23105.2,13142.611234678223
10,272.613,90.73,0.3,10,0,0,0,1,2726.13,13937.117156075115
1,10232.29,573.73,0.05,5,0,1,0,1,10232.29,15472.489004804178
7,3309.414285714286,1066.69,0.1,1,0,1,0,0,23165.9,14173.468873178204
2,10999.7,28.85,0.3,9,1,0,1,2,21999.4,17519.129094723954
9,2056.45,-3426.35,0.2,7,3,2,0,2,18508.05,13323.921387995066
6,1877.66,-866.14,0.3,3,0,0,1,1,11265.96,10976.886338468477
1,14416.22,874.88,0.2,6,3,2,1,1,14416.22,20374.846975703374
1,6793.36,-581.63,0.2,7,3,1,0,2,6793.36,11021.653064129683
6,2233.603333333333,-2855.48,0.3,10,1,0,0,0,13401.62,10848.444392507166
9,225.39222222222224,-277.19,0.0,7,0,1,0,0,2028.53,12039.675104377679
3,996.59,-574.01,0.3,2,2,1,0,1,2989.77,6730.893499304777
5,1450.862,-1351.17,0.15,11,0,1,1,0,7254.31,8889.194205211594
7,2680.792857142857,-2183.82,0.3,3,2,1,0,1,18765.55,12610.652205893148
9,945.3644444444444,-352.61,0.15,9,3,1,1,1,8508.28,12668.413950993441
7,1967.6114285714289,-3328.09,0.3,8,1,1,0,2,13773.28,11466.111301394389
5,3448.318,-834.28,0.2,9,0,0,1,1,17241.59,11496.859359077165
7,1074.0828571428572,-70.2,0.1,1,0,0,0,2,7518.58,11096.02428368854
2,7634.06,-2071.41,0.2,7,0,2,1,2,15268.12,12796.375535879308
10,1595.806,-840.76,0.2,11,0,1,0,0,15958.06,15023.866696662722
1,13467.74,-1197.32,0.0,11,3,0,0,0,13467.74,18290.058823656844
5,1770.064,-900.22,0.3,12,0,1,1,1,8850.32,9724.280546569016
5,786.3439999999999,803.12,0.3,6,2,0,1,0,3931.72,8910.447154194695
4,4518.4675,1356.56,0.0,6,2,0,0,2,18073.87,11870.315055802437
10,702.254,-1501.1,0.1,3,2,2,1,2,7022.54,13131.766954478218
8,867.245,1701.39,0.1,10,0,1,1,0,6937.96,12351.620960234028
10,2080.277,-10.54,0.2,4,2,1,0,0,20802.77,15676.18859207034
7,2434.5257142857145,-3549.91,0.3,3,1,1,0,1,17041.68,11993.087372389886
3,7585.81,-3873.06,0.2,10,0,0,1,1,22757.43,13236.029703421376
7,1803.9785714285715,1.59,0.0,2,2,0,1,0,12627.85,11394.646809125059
5,1106.58,-49.87,0.15,3,0,1,0,2,5532.9,9069.79837906584
1,4255.3,997.53,0.0,12,0,1,1,0,4255.3,8213.096156926495
2,2989.1,1309.89,0.2,6,3,1,0,1,5978.2,8238.458947777537
3,1091.1133333333337,196.24,0.05,4,2,1,0,1,3273.34,6509.183528623875
9,2776.813333333333,-760.1,0.0,2,3,0,1,0,24991.32,14398.612071651187
6,103.55333333333334,149.94,0.05,7,3,2,0,0,621.32,8548.424489122859
6,2204.0583333333334,1179.05,0.3,5,1,0,1,1,13224.35,11896.137116336988
10,1031.841,-2031.89,0.3,5,3,1,0,0,10318.41,13911.111389873955
9,2688.0766666666664,5158.32,0.05,2,3,2,0,2,24192.69,16467.778087261686
5,2306.196,1162.74,0.2,4,0,0,1,1,11530.98,10795.642066540266
4,2226.545,1218.98,0.15,8,3,0,0,0,8906.18,9384.201379572747
3,8061.216666666667,4508.28,0.0,3,2,2,0,1,24183.65,16046.072407917874
4,685.28,570.8,0.1,5,3,1,1,2,2741.12,7034.899968403164
8,2086.88375,-2505.77,0.2,6,2,0,1,2,16695.07,12428.13856775491
9,1846.06,1412.44,0.3,10,3,2,0,2,16614.54,14821.193506084806
9,485.2955555555556,-564.51,0.1,12,2,0,1,0,4367.66,12038.213505519518
2,8815.67,3037.68,0.15,4,3,1,0,0,17631.34,15608.100331893695
1,12396.18,2862.0,0.3,2,0,1,1,0,12396.18,19175.021997980904
8,1363.5425,1913.25,0.15,2,3,2,1,1,10908.34,12832.032175246437
6,1677.2066666666667,103.53,0.0,4,0,0,0,2,10063.24,10526.492937603009
5,2488.216,2014.87,0.3,12,3,1,1,2,12441.08,11154.712300156312
10,1256.627,3094.65,0.1,7,2,2,0,0,12566.27,15464.43033464883
2,7945.0,491.03,0.1,9,1,0,1,2,15890.0,13589.741712965755
5,4397.128,3675.83,0.0,8,3,0,1,2,21985.64,13254.011573885562
6,2472.508333333333,-937.96,0.1,1,3,1,1,1,14835.05,10913.923917940678
3,5664.759999999999,-90.27,0.15,5,0,1,1,1,16994.28,12084.660510318356
4,677.0125,249.63,0.15,11,0,0,1,1,2708.05,7334.161891337885
6,3776.995,996.84,0.2,12,1,2,0,2,22661.97,13657.393492347426
6,1918.975,1652.24,0.1,11,3,0,0,2,11513.85,11182.511228064412
10,1103.048,2375.47,0.15,4,2,2,1,0,11030.48,14989.99158198585
5,2538.102,3430.14,0.2,4,3,2,1,0,12690.51,11535.17403422193
3,2417.9133333333334,-425.91,0.3,4,1,0,1,0,7253.74,8371.266664658187
7,1409.69,1500.53,0.3,12,1,1,0,0,9867.83,12363.286319520304
4,1296.2825,1389.87,0.1,11,0,1,0,0,5185.13,8551.146630268362
1,4600.0,1480.08,0.1,11,3,0,1,2,4600.0,8617.855424179837
8,184.76375,-310.0,0.2,1,0,1,1,0,1478.11,11170.80291447892
10,1795.039,-430.13,0.05,8,1,0,0,0,17950.39,14932.267390517449
4,2952.42,-888.12,0.0,8,3,0,0,1,11809.68,9212.728734896715
9,252.34666666666664,626.07,0.0,10,3,0,0,1,2271.12,11980.333727365647
2,4841.67,418.11,0.3,4,2,0,0,0,9683.34,10495.884901136007
9,260.7055555555555,458.88,0.3,12,3,0,1,0,2346.35,12444.749149110736
2,5323.04,-2133.29,0.1,1,3,2,0,0,10646.08,9752.796053546737
6,1629.506666666667,2474.97,0.0,7,3,0,1,1,9777.04,10720.837601913505
10,171.648,302.7,0.05,4,0,0,0,0,1716.48,13363.139205141104
9,2497.3355555555554,-1385.14,0.0,1,0,2,0,1,22476.02,14404.489185602095
4,3941.895,-1704.75,0.3,3,3,2,1,2,15767.58,10659.703052278586
4,5835.37,-5099.98,0.1,6,3,0,0,2,23341.48,11509.109523495243
2,12061.225,-3772.75,0.0,3,3,0,1,2,24122.45,16702.44114034599
9,84.90555555555555,-71.42,0.05,12,3,1,1,1,764.15,11497.670483815698
5,4771.282,-2869.4,0.15,12,2,1,0,0,23856.41,12317.64219879617
1,17941.98,4162.69,0.0,4,0,0,1,2,17941.98,25399.19047981273
8,2788.2325,2716.87,0.0,8,2,0,1,0,22305.86,14495.117486023868
7,1447.3085714285714,2824.45,0.0,4,2,1,1,1,10131.16,11855.386425376564
1,19914.13,-619.56,0.15,4,0,1,0,1,19914.13,26800.88155569874
10,827.695,2163.63,0.1,7,1,1,1,1,8276.95,14531.930439350663
8,924.37,-1232.64,0.05,8,2,2,1,0,7394.96,11193.839823838087
5,257.246,-29.86,0.3,2,0,1,0,0,1286.23,8462.015744075485
5,1421.8719999999998,-48.84,0.0,8,0,1,0,2,7109.36,9081.78763979843
6,2160.91,2961.15,0.3,12,3,2,0,1,12965.46,12401.682485605852
6,3981.098333333333,-5042.33,0.1,8,3,2,0,0,23886.59,11610.576294741528
2,8131.03,1360.5,0.3,10,1,2,1,2,16262.06,14580.210553931269
6,1853.4533333333327,-291.01,0.05,2,1,2,0,0,11120.72,10716.294984116574
2,2089.68,-12.52,0.0,8,3,2,1,2,4179.36,6097.87486143349
10,531.492,183.68,0.3,6,2,0,1,2,5314.92,13862.173368105721
6,1218.005,-118.37,0.0,10,2,0,0,1,7308.03,9697.825604568778
8,2736.93125,1739.48,0.2,7,2,1,1,1,21895.45,14582.927236805195
3,6374.16,1567.62,0.2,9,1,1,0,2,19122.48,13608.526119724904
6,738.1716666666666,876.29,0.1,5,0,1,0,1,4429.03,9926.934905343645
6,2708.4216666666666,4419.98,0.1,4,1,0,1,2,16250.53,13044.654287642632
2,9550.15,2469.3,0.05,11,1,0,1,0,19100.3,16042.794589997078
6,71.99333333333333,73.3,0.05,4,0,0,0,1,431.96,8751.804255777024
6,2403.4266666666667,4284.51,0.0,3,2,1,1,0,14420.56,12378.681621230815
6,3026.971666666667,-2368.23,0.2,7,2,0,0,1,18161.83,11597.438135683298
7,1124.3657142857144,299.53,0.2,12,0,2,0,0,7870.56,11545.715790039376
4,4389.2725,1124.11,0.05,9,0,2,1,0,17557.09,11857.730526184494
6,3280.6366666666668,-3150.81,0.3,11,2,2,1,0,19683.82,11737.759745719473
5,3165.862,-416.24,0.05,10,1,2,1,1,15829.31,10885.68840330684
5,1037.652,-846.8,0.2,4,2,1,1,1,5188.26,8465.006855917189
5,2271.28,-243.83,0.1,3,3,2,0,0,11356.4,10023.732271951852
10,957.243,483.7,0.3,3,3,2,1,1,9572.43,14434.279020264468
10,1161.405,-2482.44,0.15,3,1,1,1,0,11614.05,13610.847013903829
3,4703.25,3106.8,0.1,4,1,2,0,2,14109.75,11929.796635062607
5,3222.696,3233.08,0.05,3,1,2,0,1,16113.48,12327.358827239348
8,2901.34125,-1859.65,0.3,5,3,1,1,0,23210.73,13791.611940026138
3,342.48,-175.1,0.1,10,3,1,1,2,1027.44,5272.8816850464755
4,170.7725,-99.23,0.3,2,1,1,0,1,683.09,7108.309908580173
2,5538.495,-1463.47,0.05,9,3,1,1,2,11076.99,9814.03851562201
10,180.709,-357.91,0.15,8,3,1,1,2,1807.09,12840.525256679808
4,1839.415,2016.74,0.3,8,3,2,1,0,7357.66,9371.969544069863
10,1369.794,2159.53,0.0,9,3,1,1,1,13697.94,14724.070015608255
5,723.028,-112.16,0.1,4,3,0,0,2,3615.14,8136.130031089122
3,78.74,-35.51,0.05,6,0,2,0,1,236.22,5462.78642987785
6,265.61333333333334,265.83,0.2,3,2,0,0,1,1593.68,9174.71974981757
9,2523.345555555556,-2395.06,0.2,4,3,1,0,2,22710.11,14194.074692201933
7,3425.4871428571428,-4803.2,0.3,2,1,2,0,1,23978.41,12796.76408430147
4,1747.99,737.96,0.15,11,3,1,0,2,6991.96,8627.561810936295
7,2477.5914285714284,-2426.35,0.2,4,1,1,0,2,17343.14,12144.457577556494
3,3829.713333333333,-2510.78,0.1,4,0,0,0,1,11489.14,9203.410072649003
9,1950.1566666666668,3798.51,0.2,10,2,0,1,2,17551.41,15343.946947474544
10,213.17800000000005,426.81,0.3,7,3,2,1,2,2131.78,13494.736295270106
8,719.19625,830.93,0.15,9,3,1,0,1,5753.57,11866.542236821344
9,967.21,1375.14,0.3,9,2,0,1,2,8704.89,13644.00491674052
7,1071.9857142857145,-1362.85,0.05,12,1,2,1,2,7503.9,10271.707608438419
2,11674.22,1471.24,0.2,6,1,0,0,0,23348.44,18797.22975001719
2,2309.715,238.8,0.1,12,3,2,0,0,4619.43,6887.310804024327
9,1807.2511111111112,-3063.85,0.05,1,0,1,0,0,16265.26,13170.951224513265
4,2520.2675,-1072.27,0.0,1,0,0,0,0,10081.07,9013.984467978713
6,1850.9116666666664,3393.25,0.15,5,0,1,1,1,11105.47,11965.00556842538
8,1211.97375,-1396.73,0.05,12,0,2,0,0,9695.79,11870.527237522861
8,2578.25,-4792.3,0.2,4,2,0,1,0,20626.0,12341.898107783085
5,1852.904,2384.4,0.0,5,3,2,0,0,9264.52,10123.672759772668
7,1492.5785714285714,404.84,0.1,3,0,0,0,1,10448.05,11757.538815965354
1,24922.97,-1082.55,0.3,5,2,2,1,0,24922.97,32569.024134003914
2,5005.71,2191.07,0.3,2,2,1,1,2,10011.42,11043.481422912677
3,4671.58,-1819.98,0.05,8,1,2,1,0,14014.74,10058.904308110417
5,1953.158,144.3,0.2,7,2,1,1,2,9765.79,9827.962948733766
1,20880.9,3880.34,0.1,1,3,2,0,0,20880.9,28994.384113836488
6,269.9316666666667,361.9,0.1,9,3,1,0,2,1619.59,8849.814085097405
7,3298.4485714285715,-4308.51,0.15,10,1,0,0,1,23089.14,12384.973563396286
8,1662.70375,-2298.1,0.0,7,2,1,0,0,13301.63,11791.14544300342
1,9791.43,-1873.88,0.3,11,1,2,0,1,9791.43,14635.50046573707
5,2109.78,-1215.08,0.1,9,1,1,1,1,10548.9,9477.504637072252
9,1555.986666666667,1047.47,0.0,9,1,0,0,1,14003.88,13875.86921253073
6,3787.508333333333,-1067.36,0.0,1,3,1,0,0,22725.05,12418.062191554442
9,1356.1755555555555,2489.14,0.05,5,0,0,0,2,12205.58,14308.622925428324
3,4731.753333333333,-1701.01,0.3,5,1,1,0,2,14195.26,10871.827194044414
3,7557.400000000001,2794.85,0.1,2,3,0,0,0,22672.2,15011.915232490444
4,3493.76,-2564.45,0.2,8,1,2,0,0,13975.04,10059.32477207377
2,3777.145,975.88,0.15,3,0,0,1,1,7554.29,9072.061003100538
5,1017.488,859.2,0.0,8,0,1,1,2,5087.44,8698.90607429871
3,2080.76,1378.36,0.3,9,1,0,0,0,6242.28,8713.174011653586
5,546.448,603.39,0.05,1,0,2,0,0,2732.24,8461.685321499708
2,7607.29,4093.27,0.0,1,2,1,0,1,15214.58,14263.886628520046
1,22888.93,5540.2,0.2,11,0,2,0,1,22888.93,32382.561606216448
7,2362.724285714285,-3691.64,0.3,12,2,1,1,2,16539.07,11505.460380527724
5,4463.2,-4066.17,0.1,12,3,0,1,2,22316.0,11093.886643423257
2,3523.37,-557.46,0.15,9,2,2,1,0,7046.74,8115.389812195261
6,2772.0483333333336,3228.68,0.3,8,1,2,1,1,16632.29,13249.111540975571
2,1250.35,93.34,0.15,2,0,0,1,2,2500.7,5778.919857799876
7,1395.8914285714286,2667.61,0.3,12,0,0,0,1,9771.24,12777.643998139489
7,2207.458571428572,223.92,0.2,2,2,2,0,2,15452.21,12586.307061153537
9,1966.1933333333336,-3665.26,0.15,4,2,1,1,0,17695.74,12980.378484646888
5,917.896,999.31,0.05,1,2,1,1,0,4589.48,8601.318308808728
6,1868.075,2925.09,0.3,2,3,2,0,2,11208.45,12060.670264556635
4,5794.81,126.26,0.3,12,1,2,0,0,23179.24,13849.162120767485
10,799.072,-174.71,0.05,12,2,2,1,2,7990.72,13515.604818547312
10,1242.621,-2311.93,0.2,11,2,2,1,2,12426.21,13710.643420499902
1,22375.3,6715.28,0.15,11,2,2,1,0,22375.3,31651.11438564201
3,4395.406666666667,-2276.31,0.15,2,3,1,0,2,13186.22,9748.714681259215
10,364.589,1066.27,0.0,12,0,0,0,0,3645.89,13686.884921305977
8,602.91875,543.84,0.05,9,1,2,1,1,4823.35,11454.100319719113
5,2757.85,3172.18,0.3,2,0,0,1,0,13789.25,12226.039297149073
10,326.209,846.15,0.3,12,2,0,0,1,3262.09,14018.373803793696
3,569.5466666666667,-204.21,0.2,8,1,0,0,1,1708.64,6174.394075106394
7,3536.268571428572,6274.47,0.0,7,0,0,0,0,24753.88,15816.241550903476
9,2067.05,-268.62,0.05,8,3,1,1,2,18603.45,13777.298359258102
3,3410.146666666667,2725.9,0.1,10,2,0,0,0,10230.44,10148.980365929177
6,4013.786666666667,-63.55,0.05,10,1,1,1,1,24082.72,13079.738197253493
2,5604.58,2828.14,0.0,6,1,2,1,2,11209.16,11383.641918918738
4,4151.485,1795.45,0.3,5,3,1,1,1,16605.94,12009.13316213912
3,2632.66,-373.33,0.15,3,0,0,0,0,7897.98,8602.447396007712
7,2883.488571428571,6216.75,0.0,6,1,0,1,0,20184.42,14730.901249945107
10,660.472,-1484.81,0.3,5,0,2,1,2,6604.72,13747.804723227568
6,1131.25,2007.82,0.0,10,1,1,0,2,6787.5,10372.73377286483
9,2703.087777777778,5285.92,0.3,9,3,1,0,2,24327.79,17044.8917839918
5,2423.15,3525.84,0.2,5,1,0,1,0,12115.75,11594.75137325706
4,1878.0875,-63.98,0.05,2,0,0,1,1,7512.35,8467.386850567516
8,2865.30375,1560.49,0.2,5,2,2,0,1,22922.43,14899.323255498073
9,2015.6722222222224,4355.34,0.15,4,1,2,0,1,18141.05,15872.88464745573
5,2182.972,-869.13,0.0,3,3,2,1,0,10914.86,9302.525371230213
1,9911.72,-1386.2,0.2,5,2,2,1,2,9911.72,14408.232185130826
8,336.54875,478.72,0.3,6,0,0,0,0,2692.39,11976.769021419019
6,3746.2316666666666,5145.34,0.05,7,3,0,0,1,22477.39,14379.235981697826
7,2728.5442857142857,-2744.74,0.15,10,0,1,1,2,19099.81,12118.354028057352
9,956.13,1348.61,0.2,5,2,2,0,1,8605.17,13668.981157810606
6,1613.63,2043.84,0.0,11,1,2,1,1,9681.78,10805.915299790739
1,24573.91,-2907.12,0.0,7,1,2,0,1,24573.91,31160.810472855614
5,4160.426,5926.47,0.0,3,3,1,0,1,20802.13,13942.207123047261
1,9653.94,-2177.12,0.2,4,0,2,0,0,9653.94,14307.434252014436
2,11322.965,-4450.31,0.1,1,3,0,0,0,22645.93,16086.755465223845
8,1532.515,-2416.72,0.3,2,2,1,1,2,12260.12,12065.135039837165
9,2475.7744444444447,7175.11,0.0,5,3,1,0,1,22281.97,16729.87318245722
8,2324.91375,4758.0,0.15,11,2,1,1,0,18599.31,14942.989863231236
5,3191.072,1449.62,0.2,7,2,0,1,1,15955.36,11709.724260976978
2,1154.835,-378.58,0.1,11,2,2,1,2,2309.67,5196.166476319704
4,5808.6875,-2556.01,0.1,2,1,1,0,0,23234.75,12580.49799077143
3,2695.523333333333,-1743.64,0.3,5,0,1,0,2,8086.57,8551.717797195764
10,1091.233,2602.28,0.0,3,2,0,1,1,10912.33,14643.349949667123
9,788.5777777777778,1356.04,0.3,3,2,0,1,0,7097.2,13497.554476589516
6,3023.125,-354.65,0.2,1,0,0,0,2,18138.75,12444.2791112994
4,3077.27,764.88,0.15,3,2,0,0,0,12309.08,10375.710662414267
1,24133.53,4318.48,0.05,3,0,0,0,0,24133.53,33141.94667043196
2,6431.185,-2836.37,0.15,8,2,0,0,2,12862.37,10945.134847388717
2,3639.15,1155.53,0.0,10,1,1,0,2,7278.3,8677.969111595678
3,6017.256666666667,-879.9,0.2,6,0,2,1,0,18051.77,12407.480142558237
1,7936.65,485.28,0.1,1,1,2,1,2,7936.65,12554.90702475891
10,1482.176,-1250.23,0.2,7,0,1,1,0,14821.76,14584.999345056956
2,896.48,-291.84,0.3,10,1,2,1,0,1792.96,5530.307861497836
8,2793.985,-4840.36,0.2,1,3,2,1,1,22351.88,12508.174300985122
10,1121.633,561.47,0.15,2,3,2,1,1,11216.33,14316.217384324747
2,2634.8,-457.84,0.15,10,1,2,0,2,5269.6,7340.506106699845
4,3664.2625,-2700.9,0.3,3,1,0,0,2,14657.05,10376.040727305668
10,34.144,51.68,0.0,10,0,0,0,1,341.44,12958.990964673594
9,1850.973333333333,2782.55,0.1,5,0,1,1,0,16658.76,14979.30578332064
3,4017.14,725.09,0.3,4,2,2,0,0,12051.42,10758.684652339472
4,5441.53,1186.01,0.3,12,1,1,1,1,21766.12,13529.695156065834
1,13495.4,2648.75,0.3,2,2,0,1,1,13495.4,20151.96786784289
5,1584.484,-893.85,0.15,11,2,0,1,1,7922.42,8933.975624045823
2,4249.65,738.42,0.1,2,2,2,0,1,8499.3,9468.480576831964
1,21469.65,5805.05,0.15,10,1,2,1,1,21469.65,30377.035660214475
5,1167.456,896.51,0.1,10,1,0,0,2,5837.28,9170.63520680855
7,2477.158571428572,-1841.58,0.3,9,0,1,1,0,17340.11,12498.67074023204
4,5314.4925,-1591.62,0.3,4,3,2,0,0,21257.97,12555.875162798755
7,3158.6157142857146,4436.39,0.0,12,1,2,1,0,22110.31,14512.616379497957
4,1551.87,-278.15,0.05,7,3,1,0,1,6207.48,7885.619598740764
7,3251.7457142857143,1489.26,0.05,12,0,1,0,2,22762.22,14033.265125934468
9,858.7344444444444,1920.24,0.0,3,3,1,0,1,7728.61,13158.842554381194
9,392.0222222222222,-613.34,0.15,1,0,2,0,2,3528.2,12471.834190412004
9,2244.0788888888887,3299.87,0.0,7,1,1,1,2,20196.71,15219.638093849546
2,6467.39,3390.77,0.2,12,2,2,1,1,12934.78,12931.974655787662
8,2847.77625,-3274.08,0.1,12,2,0,0,0,22782.21,13072.311127027539
2,5375.615,3534.82,0.1,11,0,0,1,0,10751.23,11653.0400692752
4,716.64,-461.6,0.1,2,2,1,1,2,2866.56,6864.199679864059
8,411.72375,73.86,0.05,12,0,0,1,0,3293.79,11152.98304122466
9,478.5577777777778,662.9,0.0,5,2,0,1,0,4307.02,12219.489004663435
5,2158.956,433.79,0.0,6,1,2,1,0,10794.78,9887.227932150865
10,1832.683,-830.48,0.0,3,3,2,0,2,18326.83,14540.355543413543
6,874.2883333333333,457.65,0.05,8,3,2,0,0,5245.73,9555.126426963208
10,1655.0580000000002,-444.67,0.15,8,2,1,0,1,16550.58,14881.28849974276
4,1834.92,1736.59,0.15,3,0,2,0,1,7339.68,9444.107669395655
2,5791.46,309.38,0.15,6,2,0,0,0,11582.92,11237.353633498351
7,3429.7200000000003,2265.59,0.1,7,1,1,0,0,24008.04,14564.345794705194
10,2236.0950000000003,-1611.32,0.15,5,2,2,0,1,22360.95,15234.737310843286
10,1265.906,2843.05,0.1,6,2,1,0,1,12659.06,15354.741194097885
6,284.53000000000003,317.93,0.2,10,1,2,1,0,1707.18,9167.55017508792
2,9519.19,-3314.98,0.3,8,2,0,0,0,19038.38,14841.725800618942
5,667.966,297.93,0.15,7,1,2,1,0,3339.83,8414.72205517773
4,4293.345,-3039.78,0.1,7,3,2,0,1,17173.38,10396.361807828744
3,1277.1366666666663,649.02,0.1,5,0,2,0,2,3831.41,7194.189723400782
9,2465.01,-2472.9,0.2,6,1,1,1,1,22185.09,14137.699736668017
5,2154.15,-1504.81,0.15,8,2,2,0,1,10770.75,9662.514786830176
10,2292.2470000000003,64.15,0.15,10,0,2,0,0,22922.47,16047.562938881103
10,2370.001,-919.25,0.3,7,2,0,0,0,23700.01,15925.709193271065
4,1430.305,-400.54,0.1,4,1,0,0,0,5721.22,8043.699895747788
6,3533.9966666666664,-1839.72,0.1,6,2,0,1,2,21203.98,11927.564895858584
10,431.807,-758.38,0.1,12,2,2,1,0,4318.07,13056.308697081588
6,1295.131666666667,-1422.3,0.3,7,1,2,0,1,7770.79,10222.118627043747
2,5711.9,-2325.31,0.1,9,2,2,1,0,11423.8,10035.808121846685
1,11096.91,3423.62,0.1,6,1,2,0,2,11096.91,17400.539405161162
6,1644.5383333333332,-1977.44,0.2,7,1,2,1,2,9867.23,10018.463376854186
3,5076.276666666667,-2472.68,0.1,5,1,1,0,1,15228.83,10603.909121504637
8,972.6025,253.75,0.15,11,1,0,0,1,7780.82,12167.425989427038
1,5832.95,1610.13,0.05,1,2,2,1,0,5832.95,10244.064567029185
6,2985.138333333334,-1493.06,0.05,3,3,2,0,1,17910.83,11436.505026519317
7,436.7514285714286,495.02,0.3,2,0,1,1,2,3057.26,10801.704478797072
2,7612.385,-2987.65,0.3,4,2,0,1,0,15224.77,12510.869547389166
5,1096.846,251.2,0.2,8,3,1,1,0,5484.23,8783.094313994266
7,2494.1671428571426,4716.99,0.3,9,3,0,0,0,17459.17,14443.674847492763
7,489.6171428571429,1066.31,0.15,1,0,0,0,0,3427.32,10923.636982146854
3,2798.9300000000003,2789.3,0.0,6,2,0,1,1,8396.79,9018.9282207214
8,2372.025,1382.69,0.15,7,1,1,0,1,18976.2,14221.243772707097
7,3530.8585714285714,56.63,0.1,10,2,2,1,1,24716.01,13673.802166265912
5,4290.31,-2333.86,0.0,10,1,1,0,0,21451.55,11690.248922523642
1,21764.55,-4473.55,0.15,3,1,1,1,0,21764.55,27504.281723201188
1,16718.89,3393.36,0.1,2,1,0,1,0,16718.89,23882.34769364172
5,4573.682,4130.21,0.15,7,3,0,0,0,22868.41,14190.450513042902
8,2761.25125,3023.46,0.0,5,0,1,1,2,22090.01,14760.50902985128
9,1116.9466666666667,-959.62,0.2,8,3,1,0,0,10052.52,13011.990229224411
10,890.1809999999999,-1593.14,0.0,4,2,1,1,1,8901.81,13095.1926961162
2,5648.56,-401.19,0.1,8,0,2,0,0,11297.12,10977.778252326598
2,2276.025,640.74,0.0,1,3,1,0,1,4552.05,6746.620169233304
9,1395.721111111111,-1298.6,0.05,10,1,2,0,2,12561.49,13073.46488767654
10,1773.09,3816.45,0.0,4,0,1,1,2,17730.9,16043.049277715994
2,4826.415,-385.83,0.1,12,1,1,1,2,9652.83,9625.873036179732
3,4344.943333333334,1726.62,0.15,7,1,0,0,1,13034.83,11149.908638758043
5,427.518,441.19,0.15,8,0,0,1,0,2137.59,8234.054579224465
8,1092.82,1168.54,0.3,6,2,0,0,2,8742.56,12831.402308638277
10,1655.857,726.14,0.3,1,3,2,1,1,16558.57,15347.107040615343
7,2850.9842857142858,3349.96,0.05,2,3,0,0,2,19956.89,13846.478243597594
3,795.4733333333334,480.27,0.0,8,1,2,0,2,2386.42,6223.42512555974
3,498.8666666666666,242.72,0.15,8,2,0,0,2,1496.6,5988.231667094506
6,475.6716666666667,-161.89,0.3,8,0,1,0,1,2854.03,9730.511345853189
1,18801.9,-4448.17,0.3,7,3,1,0,2,18801.9,24257.490772238227
10,1062.1799999999998,3033.75,0.2,9,0,2,1,2,10621.8,15409.638288131304
8,2640.23625,304.66,0.1,4,1,0,0,1,21121.89,14074.617702585034
4,4340.4525,3646.2,0.2,11,0,2,1,1,17361.81,12907.954440765343
8,1176.8575,-1301.81,0.05,9,1,2,0,0,9414.86,11764.631758278416
2,5924.18,-1122.46,0.0,7,2,0,0,2,11848.36,10549.11242217232
6,1855.3416666666665,-1657.52,0.0,2,2,2,1,1,11132.05,9851.337573574778
3,552.3166666666667,-233.26,0.0,9,1,0,1,0,1656.95,5517.689056295256
3,5641.013333333333,-77.21,0.0,7,3,0,1,1,16923.04,11369.447324649078
4,936.3175,-415.59,0.0,1,3,0,1,2,3745.27,6787.143574982817
5,443.456,583.87,0.1,7,1,2,1,2,2217.28,8078.480115660313
10,124.896,44.97,0.2,9,3,1,1,2,1248.96,13011.638777297598
8,234.2475,228.89,0.2,4,2,2,0,2,1873.98,11340.52294814659
2,11918.135,-153.25,0.15,8,3,1,0,1,23836.27,18235.465992291818
3,663.2166666666667,461.72,0.05,9,0,1,1,0,1989.65,6111.217951291034
9,373.75444444444446,646.76,0.0,12,0,1,1,1,3363.79,12273.085654440001
9,135.83555555555554,200.89,0.05,4,1,0,0,0,1222.52,12082.603487683476
8,938.09625,-588.21,0.1,10,1,0,1,1,7504.77,11559.365852329864
7,669.7085714285714,1465.71,0.0,1,3,2,0,1,4687.96,10622.300636527189
2,9137.115,-2496.91,0.2,5,3,1,1,1,18274.23,14133.146598531455
1,19394.83,3253.84,0.05,4,3,0,0,1,19394.83,26841.93514420001
1,13810.06,1910.3,0.0,10,0,2,1,2,13810.06,19808.641493858435
7,1538.577142857143,-879.6,0.3,5,2,0,0,1,10770.04,11639.752224421682
7,3161.377142857142,3595.34,0.05,7,0,2,1,1,22129.64,14467.203806520116
4,6038.6125,-366.7,0.15,12,0,2,1,2,24154.45,13509.339889377807
3,6895.346666666667,-892.96,0.3,11,3,2,0,1,20686.04,13499.166835594995
1,15281.84,1128.91,0.15,8,2,0,0,1,15281.84,21613.084210650704
8,202.2125,59.16,0.2,8,1,2,1,0,1617.7,11194.90220003234
8,2920.86125,3058.43,0.2,9,3,2,0,0,23366.89,15339.654517584151
6,3009.808333333333,5031.19,0.0,1,2,0,1,0,18058.85,13319.99985554074
7,2216.3942857142856,628.88,0.05,1,3,1,1,0,15514.76,12115.042243687813
8,3072.13625,2820.48,0.15,7,2,0,0,2,24577.09,15354.202669553644
2,3711.725,2592.78,0.0,1,0,2,0,0,7423.45,9430.64321455068
6,966.21,1446.1,0.2,6,1,1,1,1,5797.26,10303.594096354876
7,347.63142857142856,28.37,0.2,8,3,1,0,1,2433.42,10190.867900028612
2,4709.02,2717.37,0.05,7,0,1,1,2,9418.04,10481.821508284731
6,2047.6866666666667,-237.19,0.05,10,0,0,0,1,12286.12,10970.49407569041
3,4744.446666666667,3925.94,0.15,2,1,2,1,0,14233.34,12215.670797290297
8,1769.16625,437.02,0.2,6,0,0,1,0,14153.33,13242.717303508709
4,449.35,586.76,0.1,10,1,1,0,1,1797.4,7167.419733509476
8,1637.23,527.55,0.1,4,0,1,0,1,13097.84,13084.786084011974
5,4263.868,-2344.81,0.15,12,3,1,0,2,21319.34,11728.933248956091
7,526.0828571428572,20.13,0.2,1,0,2,1,0,3682.58,10602.220505592066
3,2596.7833333333333,2229.06,0.15,8,1,2,0,1,7790.35,9276.545887850198
3,3783.963333333333,-2722.16,0.3,12,2,2,0,2,11351.89,9312.060977081146
2,852.825,470.57,0.0,10,1,0,0,2,1705.65,5137.324357107524
9,970.2355555555556,1362.94,0.15,7,3,0,0,2,8732.12,13394.723520383011
6,760.6616666666667,-213.58,0.2,7,3,1,1,2,4563.97,9294.207866735058
6,2308.0750000000003,-1397.7,0.05,11,1,1,0,0,13848.45,10846.37092406988
4,842.79,771.15,0.3,11,1,0,0,2,3371.16,8098.238164899427
10,2308.002,5674.7,0.2,9,2,2,0,0,23080.02,17746.399011610643
10,2163.459,-543.31,0.3,4,3,2,0,1,21634.59,15725.701456769793
2,7717.805,4117.9,0.05,9,3,2,1,2,15435.61,14184.67205799134
3,5014.796666666666,3906.41,0.3,10,1,0,0,0,15044.39,12986.242460791844
9,1628.7333333333331,3853.22,0.15,2,3,1,0,1,14658.6,15028.703303673268
6,161.56833333333333,-119.73,0.3,8,1,0,0,2,969.41,9219.878871155755
8,826.94625,-633.31,0.05,10,2,2,1,0,6615.57,11259.85935703344
8,3116.4175,240.97,0.3,10,1,2,0,2,24931.34,15069.855557566005
5,2997.422,2090.23,0.15,12,3,1,0,2,14987.11,11631.422392187835
2,10417.41,5353.42,0.3,12,0,0,1,2,20834.82,18608.217289359076
2,5559.44,-2427.15,0.15,1,3,0,1,1,11118.88,9795.947491235507
4,5488.725,4296.56,0.05,11,1,0,0,0,21954.9,14197.294804796718
3,4589.72,-2809.11,0.05,5,1,0,0,0,13769.16,9808.598174778363
7,1149.3914285714286,-1735.86,0.15,1,1,1,0,1,8045.74,10710.656340904672
1,22209.13,5210.44,0.15,7,1,1,1,1,22209.13,31055.749891204207
5,3266.614,-124.28,0.1,6,3,0,0,0,16333.07,11185.383755670982
10,401.154,507.11,0.1,11,3,0,1,0,4011.54,13274.419130650447
3,2954.2433333333333,-1884.18,0.3,11,0,0,1,2,8862.73,8576.629395806565
9,1245.5411111111111,-270.05,0.05,9,0,0,0,0,11209.87,13334.868556607082
10,844.8610000000001,970.52,0.15,8,3,0,1,1,8448.61,14049.619951701794
4,5925.06,-1527.35,0.05,8,2,2,0,0,23700.24,12820.745574636734
9,2462.4622222222224,3794.69,0.05,7,0,2,0,1,22162.16,16091.575169895365
3,7986.669999999999,-5652.38,0.2,5,1,2,0,1,23960.01,13296.409181363932
3,809.5266666666666,301.22,0.1,9,0,2,1,2,2428.58,6322.654603961796
9,1856.125555555556,4497.14,0.1,5,0,1,1,0,16705.13,15527.961641978754
5,42.692,21.1,0.15,1,2,2,1,2,213.46,7457.243833959553
1,4797.9,511.44,0.0,12,1,1,0,1,4797.9,8763.337628104955
9,997.321111111111,-1008.58,0.1,8,0,2,1,2,8975.89,12730.707144689057
10,1398.418,2172.92,0.3,1,3,1,0,0,13984.18,15692.419838725076
2,7687.125,4351.06,0.2,12,2,0,0,1,15374.25,14828.825985259826
2,8568.48,-3784.2,0.15,11,2,1,0,1,17136.96,13211.076145290346
10,1456.6129999999998,-1798.76,0.3,4,0,2,0,0,14566.13,14833.830657540599
10,1470.193,-982.77,0.05,8,1,1,1,1,14701.93,14179.808260213638
7,2291.671428571429,-13.66,0.0,5,1,2,1,1,16041.7,12082.237017537169
3,4193.906666666667,-1508.62,0.0,8,1,1,0,1,12581.72,9623.279660745451
10,180.977,395.11,0.0,9,1,2,1,1,1809.77,12991.748496574137
7,1305.9342857142858,-1750.9,0.0,8,0,0,1,0,9141.54,10438.487813485242
7,2897.0057142857145,6029.79,0.05,5,3,0,1,0,20279.04,14592.571923552077
6,1389.6483333333333,-628.91,0.1,10,2,2,0,2,8337.89,9987.536618030274
9,1163.2666666666669,785.95,0.3,3,0,2,0,1,10469.4,14185.43847989425
10,1981.395,-1173.35,0.05,3,1,2,1,0,19813.95,14790.916378325164
9,2233.2555555555555,4581.31,0.1,9,0,0,0,0,20099.3,16154.413905627514
8,873.59375,879.37,0.2,6,3,2,0,1,6988.75,12212.721620592512
4,3903.6625,1556.99,0.2,4,0,1,1,1,15614.65,11736.040147510515
6,141.41833333333332,-8.21,0.2,11,1,2,1,0,848.51,8890.660195516077
10,1922.058,2334.25,0.15,2,0,2,0,2,19220.58,16313.054234821459
10,874.857,632.31,0.2,7,3,2,1,0,8748.57,14163.007787325976
10,790.848,1594.42,0.2,4,0,0,1,0,7908.48,14656.317406428629
5,3839.1,-96.96,0.3,6,3,1,0,2,19195.5,12302.901158528306
5,1030.024,962.06,0.05,4,2,2,0,2,5150.12,8876.102705634807
7,206.3385714285714,239.06,0.05,3,1,1,1,1,1444.37,9791.093352008209
6,250.29666666666665,247.11,0.15,9,1,2,0,0,1501.78,9185.763147159545
3,8252.526666666667,6658.53,0.0,5,0,1,0,2,24757.58,17113.012933624093
5,4410.32,3318.46,0.1,4,3,1,0,1,22051.6,13636.740840692924
10,682.08,1970.4,0.3,8,3,2,0,2,6820.8,14725.768061106644
5,2867.568,1265.63,0.2,6,0,0,0,2,14337.84,11652.900339071884
9,948.0566666666668,2290.33,0.0,1,1,0,1,1,8532.51,13390.37957253989
3,3736.5,2382.26,0.05,11,1,1,0,0,11209.5,10437.394441640952
9,1702.1633333333332,-2710.27,0.0,3,1,0,0,2,15319.47,12861.148747272118
3,7504.833333333333,4324.16,0.15,10,0,2,1,1,22514.5,15663.580292757779
9,1274.677777777778,1168.32,0.15,3,0,2,1,0,11472.1,13929.318308513508
4,3080.0275,-608.46,0.2,11,0,0,0,1,12320.11,10215.33457213299
4,3924.3775,-3179.79,0.1,4,3,1,1,0,15697.51,9737.70455836715
8,2581.60875,403.48,0.3,11,0,0,1,2,20652.87,14355.456834689434
6,3829.65,1404.37,0.05,1,2,2,0,1,22977.9,13468.927613909447
2,9006.445,4676.61,0.05,7,0,2,0,2,18012.89,16407.49817500564
4,4915.5125,2063.55,0.15,4,2,1,0,2,19662.05,12936.081774380878
9,1547.7222222222222,-2295.25,0.3,5,3,2,1,1,13929.5,13147.244090203461
1,20571.07,-2059.85,0.1,5,2,1,0,0,20571.07,26816.005108061683
2,4028.865,2508.65,0.0,4,0,1,0,1,8057.73,9722.46452015623
7,2394.42,-1700.72,0.2,3,1,1,0,2,16760.94,12279.585055607704
6,2161.918333333333,-869.66,0.0,11,2,0,1,1,12971.51,10383.696287596375
8,2198.255,5041.06,0.2,11,1,1,1,1,17586.04,15079.48195404825
9,1788.746666666667,-1653.53,0.15,9,3,0,1,1,16098.72,13234.514787490723
6,4075.53,-5643.14,0.2,1,2,1,0,2,24453.18,11826.694975936482
2,12007.15,-5208.86,0.3,10,2,2,0,1,24014.3,17202.94223704009
9,279.15444444444444,-257.02,0.0,5,2,2,0,0,2512.39,11926.56883832184
2,8989.515,2879.61,0.05,3,0,0,0,0,17979.03,15838.41338053232
10,1720.319,-3253.7,0.3,8,0,1,0,2,17203.19,14601.07945926235
1,18693.25,3076.34,0.05,2,3,2,0,0,18693.25,26029.39302776166
6,1634.0716666666667,-1475.45,0.3,8,2,2,0,1,9804.43,10496.33648708175
8,971.69,-1425.63,0.2,4,2,1,0,0,7773.52,11715.972939182984
3,744.5300000000001,155.11,0.0,7,1,1,1,2,2233.59,5851.515398930687
1,19979.6,1801.9,0.1,1,3,1,1,0,19979.6,27055.819429539268
5,1918.966,-556.66,0.15,5,1,1,1,1,9594.83,9589.905860563333
8,847.38625,1610.9,0.05,5,2,2,1,0,6779.09,12014.64128879871
7,2074.87,-905.13,0.3,11,1,0,0,1,14524.09,12349.309584673929
7,314.35857142857145,-282.83,0.0,5,2,1,0,0,2200.51,9739.739256841398
1,18809.96,3536.8,0.1,9,3,0,0,1,18809.96,26331.767999424883
9,1818.698888888889,1915.52,0.05,3,3,1,0,0,16368.29,14432.280795279705
9,2184.9533333333334,-4769.44,0.3,9,0,2,1,0,19664.58,13446.288584013604
4,6211.6825,2524.48,0.05,10,3,2,0,0,24846.73,14327.820619232094
4,194.9175,-132.87,0.2,1,0,1,1,1,779.67,6818.243389201456
8,2629.1725,555.6,0.05,9,1,0,0,2,21033.38,13983.236679164429
4,3067.2625,-986.95,0.3,9,2,2,0,1,12269.05,10146.715120636003
3,1586.7933333333333,953.38,0.0,10,1,1,1,2,4760.38,7090.047879871575
6,4085.101666666667,7600.55,0.0,1,1,1,0,1,24510.61,15703.281125529085
6,3082.9500000000003,4627.91,0.0,10,2,2,1,2,18497.7,13239.045302565777
10,878.098,2592.44,0.05,9,0,0,0,2,8780.98,14857.704762116295
4,1021.7375,718.18,0.2,9,0,1,0,0,4086.95,8249.118933735961
10,170.018,33.52,0.1,9,2,0,0,2,1700.18,13109.54685318324
3,8289.403333333334,-3444.74,0.15,1,0,0,1,1,24868.21,14128.305851378187
10,681.963,-588.2,0.2,2,0,1,0,2,6819.63,14010.731665769474
1,6070.3,-831.44,0.1,5,2,0,0,1,6070.3,9974.34035170261
8,1938.845,3762.51,0.2,12,1,2,0,2,15510.76,14552.724940865915
2,3312.765,-1051.73,0.1,1,2,0,0,2,6625.53,7728.863834085482
6,3046.77,4206.42,0.1,10,0,1,1,0,18280.62,13528.675472185365
5,2877.094,698.77,0.3,10,1,2,1,2,14385.47,11442.186002770713
5,2727.004,-1349.99,0.0,3,2,1,1,0,13635.02,9879.917470378448
6,493.45166666666665,524.25,0.05,4,2,1,0,2,2960.71,9179.212437381797
3,3288.52,369.88,0.2,12,1,2,0,1,9865.56,9605.560405394095
8,2617.49,2230.24,0.2,10,1,0,1,0,20939.92,14692.615509049687
9,303.8644444444445,-100.28,0.2,4,3,0,0,0,2734.78,12314.884261402267
8,279.03125,308.36,0.05,9,1,1,0,2,2232.25,11141.552777847673
3,3446.4533333333334,355.05,0.0,6,3,2,0,2,10339.36,9120.578784784058
5,1706.3080000000002,-91.5,0.0,9,3,0,1,0,8531.54,8915.661278331736
7,2827.952857142857,-1216.78,0.15,1,1,2,1,1,19795.67,12695.005406978811
6,2048.21,-2172.8,0.0,3,3,1,1,2,12289.26,9761.054191313811
4,566.115,-350.88,0.3,2,2,2,0,1,2264.46,7412.404400076934
10,1379.7040000000002,-2406.98,0.0,12,2,1,1,0,13797.04,13408.537693172233
3,1384.8333333333333,669.09,0.2,9,0,1,1,0,4154.5,7373.618873490312
8,1620.78,-155.38,0.3,11,1,1,1,1,12966.24,12978.504348329036
3,7011.2,154.39,0.15,10,1,1,1,1,21033.6,13630.791710496109
1,14002.81,-2572.73,0.0,8,1,0,0,1,14002.81,18690.948884544974
8,1400.8075,-2186.62,0.0,5,2,1,1,1,11206.46,11309.845562648636
4,5045.405,1371.16,0.15,6,0,0,0,0,20181.62,13100.921315044361
7,584.74,-143.76,0.3,7,1,2,1,2,4093.18,10669.733927575708
2,2076.065,856.73,0.15,12,1,2,0,2,4152.13,7086.138701701851
8,2098.68125,3075.7,0.1,4,3,2,0,2,16789.45,14116.644523192172
6,1534.6233333333332,-258.31,0.2,5,1,1,1,2,9207.74,10418.594513751967
3,1266.8533333333332,769.48,0.0,12,1,2,1,0,3800.56,6713.070813041305
2,9737.225,406.43,0.1,8,2,0,1,2,19474.45,15584.499254164277
2,4930.62,2322.58,0.2,1,1,2,1,1,9861.24,10924.191924681483
5,1377.804,369.33,0.2,2,0,2,1,1,6889.02,9496.010858185984
10,579.864,1471.88,0.05,8,0,1,1,0,5798.64,14031.346986425304
6,714.5833333333334,-674.07,0.0,8,3,0,0,2,4287.5,8803.57399725121
6,3645.366666666667,-3088.09,0.1,5,2,1,1,2,21872.2,11690.373189851527
9,598.5488888888889,-430.19,0.0,1,1,1,0,2,5386.94,12304.645102970337
4,451.9325,-53.59,0.1,6,0,1,0,0,1807.73,7114.150857264537
3,1345.1133333333337,68.01,0.15,2,3,0,0,1,4035.34,6877.188927193477
7,3533.2671428571425,5678.06,0.3,5,2,0,0,0,24732.87,16102.151963098719
1,23314.45,6970.52,0.1,11,0,0,1,2,23314.45,32853.85111832791
7,1453.3442857142857,1263.9,0.05,1,0,1,1,1,10173.41,11707.975484222006
7,1450.7371428571428,2508.97,0.2,5,1,2,0,2,10155.16,12506.8732414675
6,3482.728333333333,-1464.88,0.2,2,1,1,1,0,20896.37,12404.58773067253
10,316.265,14.51,0.2,6,1,1,0,2,3162.65,13645.14852756603
1,24908.63,3434.9,0.0,2,3,0,1,0,24908.63,33160.50304182088
10,483.311,1057.96,0.0,7,3,2,0,1,4833.11,13545.802893378752
1,16115.52,-2690.76,0.05,11,0,0,1,2,16115.52,21151.233757203263
4,336.6775,315.86,0.0,11,2,2,1,2,1346.71,6417.196007789519
9,1751.4011111111113,3036.02,0.15,5,0,1,1,1,15762.61,15031.969665140412
3,147.70666666666668,16.41,0.15,3,2,1,0,1,443.12,5566.027453620214
9,694.3377777777778,-761.92,0.05,12,3,0,1,0,6249.04,12003.062918264673
4,2014.7775,1443.24,0.0,11,1,0,1,1,8059.11,8849.132341531978
10,2134.364,2035.37,0.1,10,2,1,1,2,21343.64,15897.696963037099
2,6186.185,-472.26,0.0,7,0,2,1,0,12372.37,11177.839472536967
8,1905.89375,1938.41,0.3,9,0,0,1,1,15247.15,14071.913734311422
6,1098.71,1391.01,0.1,11,0,2,0,1,6592.26,10514.347638755267
4,2975.4975,-373.8,0.05,10,2,0,1,1,11901.99,9424.113911077478
2,11032.475,6227.65,0.15,11,2,0,0,1,22064.95,19277.51852298301
6,3138.941666666667,5070.4,0.15,4,2,1,1,0,18833.65,13836.531627853226
5,2591.0,2528.34,0.05,1,3,0,0,2,12955.0,11083.838783797146
5,4019.576,671.94,0.15,3,3,2,0,2,20097.88,12452.526776238787
3,1297.86,752.53,0.15,5,1,1,0,1,3893.58,7260.431565309315
4,3807.43,1245.58,0.05,2,1,1,0,2,15229.72,11251.050723187233
10,2201.991,-4380.03,0.15,5,2,0,0,2,22019.91,14251.297434754217
1,13944.62,1859.62,0.0,8,2,0,0,1,13944.62,19917.95457517216
4,844.935,-692.76,0.3,4,3,1,0,1,3379.74,7498.165137180752
4,5042.585,-4453.02,0.3,2,2,0,0,2,20170.34,11352.61690252121
5,4145.66,5107.75,0.0,7,3,1,1,1,20728.3,13458.334677058892
7,1951.9942857142853,-939.87,0.1,9,0,1,0,2,13663.96,11850.35631634462
4,5913.9875,-3977.33,0.2,5,1,2,0,2,23655.95,12445.976974488374
6,897.98,-381.6,0.2,1,3,1,0,2,5387.88,9619.252651173978
2,10381.72,-1636.01,0.05,5,2,2,0,1,20763.44,15858.291577525311
8,945.92375,-1543.44,0.1,1,1,2,1,2,7567.39,11323.258595442494
2,12098.12,-642.13,0.1,1,0,0,0,0,24196.24,18530.135413833035
10,1110.773,2823.95,0.2,10,3,1,1,0,11107.73,15102.088759540062
3,1602.3233333333335,-683.11,0.05,5,3,2,1,2,4806.97,6533.523627930109
6,3042.113333333333,4101.95,0.2,9,3,2,0,2,18252.68,13568.141178409085
6,1274.355,537.17,0.15,4,2,1,1,2,7646.13,10145.517917672332
5,4022.042,5112.02,0.0,4,1,2,1,1,20110.21,13560.327148578046
2,12197.45,-3777.8,0.15,7,0,2,1,1,24394.9,17574.141724527966
2,8327.41,-1450.19,0.0,6,3,0,1,2,16654.82,13000.08452521196
1,19929.37,2884.14,0.1,9,2,1,0,0,19929.37,27603.60778011333
5,1236.55,-983.43,0.2,3,3,2,1,0,6182.75,8600.165562228784
8,627.45125,-1235.22,0.3,10,0,0,0,0,5019.61,11762.844642175582
5,4370.288,-2393.17,0.3,9,3,2,0,0,21851.44,12262.131813187903
8,1904.31875,-1702.08,0.0,12,0,1,1,2,15234.55,12221.041171941712
6,3430.228333333333,4472.32,0.3,4,3,1,1,0,20581.37,14227.502515891516
1,16050.32,-1515.99,0.2,12,2,1,1,0,16050.32,21638.61010999025
5,810.704,427.4,0.2,5,3,1,0,0,4053.52,8702.955981622124
10,169.073,-102.79,0.05,1,1,1,0,0,1690.73,13159.224084554446
4,1231.8875,-444.94,0.1,7,0,1,1,0,4927.55,7719.606779097389
2,2670.155,1660.29,0.1,6,2,1,1,1,5340.31,7659.226383324684
8,295.8925,-242.47,0.1,6,2,2,1,1,2367.14,10860.96798775411
8,1983.46375,-2431.15,0.05,10,2,2,1,1,15867.71,12038.188230058828
6,446.635,-29.64,0.3,8,3,0,0,1,2679.81,9396.48928960564
5,1253.67,1315.09,0.0,6,0,0,0,2,6268.35,9300.445055752742
8,1792.59625,640.68,0.3,12,1,2,0,0,14340.77,13666.066481177613
2,12359.115,-904.83,0.1,9,3,0,1,0,24718.23,18212.98253737761
4,1550.75,-582.68,0.1,11,0,0,0,2,6203.0,8159.994562194221
8,278.56875,478.86,0.3,8,2,1,1,2,2228.55,11470.800898162488
2,7060.44,-1494.65,0.1,2,0,2,0,1,14120.88,12306.135099943998
9,1286.0377777777778,2478.07,0.15,5,3,1,1,0,11574.34,14007.60117159505
6,765.7833333333333,-170.86,0.3,10,0,0,1,0,4594.7,9873.990201251438
7,3237.077142857143,-3070.58,0.05,4,2,1,1,2,22659.54,12201.576712301574
10,1014.763,150.16,0.1,12,3,1,0,1,10147.63,14073.92125953161
8,1821.66375,-2053.85,0.3,9,2,1,0,0,14573.31,12731.80733146991
8,3018.55875,1746.01,0.1,10,1,0,1,1,24148.47,14763.5928356064
8,1482.07125,-403.88,0.15,6,2,2,1,2,11856.57,12306.125721057138
5,2003.098,-85.4,0.3,7,1,0,1,1,10015.49,10150.382970075318
4,2656.21,3265.94,0.05,12,1,2,0,0,10624.84,10553.728418597875
1,16253.19,4421.87,0.2,9,0,1,0,0,16253.19,24174.312855524026
3,4633.583333333333,909.78,0.0,4,0,2,0,0,13900.75,11077.666074751163
10,452.023,871.71,0.2,6,2,2,1,2,4520.23,13801.509430066733
2,7263.61,3869.27,0.3,1,3,1,0,1,14527.22,14362.290688115974
3,8082.073333333334,4843.59,0.2,7,1,1,0,2,24246.22,16677.40305179658
4,1639.575,-1346.74,0.1,1,0,1,1,0,6558.3,7941.913303126911
8,1905.145,3250.28,0.0,1,3,2,1,0,15241.16,13582.87896902422
7,1707.4185714285716,-589.63,0.15,5,0,2,1,0,11951.93,11679.10827343147
10,1103.525,1060.89,0.2,6,0,1,0,1,11035.25,15039.21828446811
2,5629.585,2722.05,0.0,11,3,0,1,2,11259.17,11102.63352500212
4,241.89,24.99,0.15,6,0,0,0,2,967.56,6935.397279729025
10,974.322,-626.35,0.1,11,0,2,1,2,9743.22,13911.459681020277
9,2230.928888888889,-3417.17,0.1,11,0,0,1,0,20078.36,13421.551217064565
10,1266.928,-631.37,0.0,8,3,1,0,1,12669.28,13914.085481729566
2,7166.52,3793.38,0.15,5,0,0,0,1,14333.04,14163.237514423125
10,1910.767,-493.78,0.1,6,0,0,1,2,19107.67,15040.112057828288
4,5481.5375,6676.44,0.05,8,3,0,1,1,21926.15,14526.601236904653
5,4901.88,4166.81,0.3,4,0,2,1,2,24509.4,15070.27519785469
4,4418.7,-3328.74,0.0,6,3,2,1,0,17674.8,10062.280086073622
3,7510.330000000001,-4652.47,0.05,4,0,0,1,0,22530.99,12606.269088843947
10,2463.772,2139.5,0.1,4,2,1,1,1,24637.72,16368.935710637039
8,36.77875,53.17,0.2,7,3,2,1,1,294.23,10764.503851024094
6,4073.318333333333,862.76,0.0,5,3,1,1,0,24439.91,13160.228536848348
8,711.42875,198.7,0.15,1,2,1,0,1,5691.43,11796.517124624026
10,185.612,-317.99,0.0,7,3,0,0,2,1856.12,12690.682921852705
1,20765.03,-3091.99,0.1,8,3,0,0,0,20765.03,26578.692394840975
10,829.802,630.87,0.05,8,2,2,1,2,8298.02,13823.270241437443
4,708.705,-265.32,0.05,2,3,2,1,2,2834.82,6718.240191721414
9,611.2266666666667,-824.59,0.1,5,2,0,1,2,5501.04,12086.95689247346
1,18815.12,-3803.56,0.05,4,3,0,1,2,18815.12,23707.360933116193
8,2367.9275,-3709.12,0.3,2,3,1,1,0,18943.42,12586.472118477825
3,3290.613333333333,259.22,0.3,7,1,2,0,0,9871.84,9844.55836347369
4,2113.605,-285.69,0.2,5,1,1,1,2,8454.42,8897.472447621712
6,895.855,437.41,0.05,3,2,0,1,1,5375.13,9443.3822917137
3,8208.426666666666,990.08,0.3,9,0,0,0,0,24625.28,15958.923255440737
4,1300.7,-270.32,0.0,8,1,0,1,1,5202.8,7472.889671974573
10,160.499,292.52,0.15,6,1,0,0,0,1604.99,13459.689173260325
3,1797.8733333333332,1072.06,0.15,6,3,1,0,1,5393.62,7736.903041870882
5,2499.672,2840.02,0.05,3,0,0,0,2,12498.36,11385.75883436777
4,4666.3975,-3675.34,0.15,3,3,2,1,1,18665.59,10576.590841610478
7,3323.8942857142856,896.87,0.0,1,0,1,1,2,23267.26,13671.41564943742
9,1696.34,3611.99,0.2,9,3,2,1,2,15267.06,14925.160494084103
8,853.8575,333.54,0.2,7,3,1,1,2,6830.86,11776.405856910931
3,911.01,515.46,0.0,9,2,1,0,1,2733.03,6262.470990680782
4,5618.45,-4.53,0.2,6,2,1,1,2,22473.8,13029.467682104158
3,901.07,175.73,0.3,9,0,1,0,0,2703.21,7062.871113987195
9,279.5111111111111,688.84,0.2,2,1,1,1,2,2515.6,12541.025367006043
8,363.40625,-516.76,0.2,7,0,0,1,0,2907.25,11270.82708033372
8,1418.68125,2784.11,0.05,5,2,1,1,0,11349.45,13041.176936743364
2,8119.455,2696.13,0.3,7,2,1,1,1,16238.91,14896.448994107908
3,3348.3433333333337,178.51,0.1,7,2,0,0,0,10045.03,9281.913865261191
5,1544.1280000000002,-865.89,0.0,12,0,0,1,0,7720.64,8785.86245323949
3,4124.026666666667,3494.04,0.3,10,0,2,0,1,12372.08,11926.773442694528
6,176.535,-93.63,0.3,2,2,0,0,2,1059.21,9163.81298633317
1,6180.59,1113.91,0.2,8,0,0,0,1,6180.59,11149.215189864974
4,1422.665,-264.46,0.3,1,2,0,1,1,5690.66,8224.463644840609
7,457.94714285714286,-224.22,0.05,6,0,0,1,0,3205.63,10038.633762158392
4,529.765,-10.72,0.1,4,3,0,1,0,2119.06,6695.698928285515
6,3388.9616666666666,2244.48,0.0,9,1,0,0,0,20333.77,13152.404235376343
6,2872.036666666667,2676.9,0.1,12,2,0,1,1,17232.22,12571.151287297567
2,3174.04,222.05,0.15,11,3,0,1,2,6348.08,7743.006211532322
3,7965.126666666667,5326.97,0.0,12,1,1,0,2,23895.38,16215.90731093924
2,482.245,223.41,0.1,7,3,2,0,2,964.49,4690.290503172697
5,4482.028,-5289.62,0.2,12,1,1,1,1,22410.14,11215.068015856183
3,2110.5733333333333,1737.06,0.0,8,3,0,1,1,6331.72,7755.44448717604
9,1773.7255555555555,4303.68,0.1,10,3,0,1,1,15963.53,14983.817241844254
9,1130.72,363.41,0.3,6,0,1,0,0,10176.48,14002.545080467055
4,2993.8475,876.92,0.05,2,0,1,0,0,11975.39,10323.555617975242
5,2824.6,1726.95,0.2,9,2,1,0,0,14123.0,11591.121513118007
5,1316.694,899.25,0.0,9,2,1,1,2,6583.47,8848.95967935995
2,8274.205,2225.72,0.3,5,2,0,0,0,16548.41,15131.76616567193
1,22655.73,-1176.78,0.2,11,1,1,1,0,22655.73,29684.829161759713
7,1908.362857142857,1503.63,0.0,11,0,1,0,2,13358.54,12335.961395261103
6,3636.5483333333336,-4018.98,0.15,8,3,1,1,2,21819.29,11380.400894814655
6,2819.648333333333,4894.99,0.0,11,2,2,0,2,16917.89,13198.39700278226
6,3727.476666666667,-3469.55,0.15,2,0,2,0,0,22364.86,12265.74036386229
5,271.466,16.49,0.2,8,2,2,0,1,1357.33,8026.5459114331115
4,3129.71,1425.72,0.1,1,2,2,0,2,12518.84,10538.007501361399
7,1316.422857142857,1996.8,0.2,5,2,2,1,2,9214.96,11888.093162260446
7,2154.427142857143,666.34,0.15,9,1,1,0,1,15080.99,12629.208052031949
3,3114.193333333333,-189.42,0.0,7,1,1,0,0,9342.58,8788.600600669388
3,3847.58,1111.54,0.1,4,1,0,0,0,11542.74,10287.629074093846
5,3555.8160000000003,1909.6,0.0,12,1,0,0,0,17779.08,12132.617239649497
3,7885.293333333334,6520.85,0.15,11,2,0,0,0,23655.88,16763.201625754424
1,11067.01,1860.74,0.15,10,1,1,1,1,11067.01,16778.750047600046
5,3625.498000000001,2891.8,0.0,8,1,1,1,2,18127.49,12326.334566123489
8,1282.64625,-1592.91,0.3,5,2,0,1,1,10261.17,12019.072009951718
4,344.105,-316.6,0.3,4,1,2,1,1,1376.42,7067.571729785667
1,24490.0,-4621.37,0.3,7,3,2,1,1,24490.0,30797.978289765968
8,456.76875,-618.64,0.05,9,3,1,1,0,3654.15,10701.552787948387
8,853.52375,786.12,0.2,2,2,2,0,2,6828.19,12258.935254583012
2,2828.79,99.97,0.15,6,2,2,0,0,5657.58,7703.477846307476
10,2359.893,-3362.35,0.2,6,1,1,1,2,23598.93,14807.589495601063
8,2259.05875,2187.89,0.0,1,0,1,1,2,18072.47,13917.283872985536
10,100.255,-33.12,0.0,12,2,1,0,1,1002.55,12810.967875036571
9,1589.7344444444443,2102.59,0.15,3,2,1,1,2,14307.61,14316.648760781447
4,6015.1975,6389.24,0.1,4,1,0,0,0,24060.79,15625.866329232706
10,317.56100000000004,789.91,0.3,5,3,1,0,1,3175.61,13934.110906671145
4,5635.9975,6387.0,0.2,2,0,0,0,2,22543.99,15471.41925511057
7,2681.215714285714,2335.83,0.3,4,1,0,1,1,18768.51,13931.065001666759
7,152.38285714285715,-170.73,0.1,9,0,0,1,0,1066.68,9795.035094333896
9,2739.878888888889,-1781.59,0.15,11,2,0,0,2,24658.91,14587.17352695487
3,2642.34,1818.23,0.1,4,2,1,1,1,7927.02,8783.718973184139
3,7064.296666666666,-3718.78,0.0,1,1,1,1,2,21192.89,12139.909053583537
8,1250.40375,1226.48,0.15,4,3,0,1,0,10003.23,12452.340190034118
10,524.302,637.39,0.1,6,3,1,1,1,5243.02,13480.374124361755
5,1579.986,-962.98,0.3,11,3,2,1,0,7899.93,9208.697254605311
8,2886.315,633.75,0.0,7,1,1,1,2,23090.52,14037.812389093744
7,1314.6028571428571,-270.45,0.3,4,2,2,1,0,9202.22,11447.10051254082
8,1982.88125,4182.83,0.05,1,0,2,0,2,15863.05,14547.82825960611
4,3667.1225,4120.34,0.05,1,2,1,0,2,14668.49,11891.950799694065
7,2391.8228571428567,-1491.65,0.05,2,0,1,0,1,16742.76,12135.131712513043
7,1622.7185714285715,-1260.76,0.3,10,1,1,0,2,11359.03,11703.37021443002
9,2689.011111111111,-4023.41,0.2,12,0,2,1,0,24201.1,14039.757001985563
7,2622.998571428572,-988.18,0.05,7,0,2,1,0,18360.99,12402.184819550555
10,410.323,1211.52,0.1,1,0,0,1,2,4103.23,13821.929301420063
7,2917.902857142857,-998.13,0.3,8,0,2,0,1,20425.32,13481.318673135482
1,9249.98,2574.93,0.15,9,3,1,1,0,9249.98,14665.683129340812
7,1554.32,902.19,0.05,10,0,1,0,2,10880.24,11844.005154284323
6,3574.6650000000004,-2817.98,0.15,8,3,1,1,0,21447.99,11733.886351408577
6,304.945,81.81,0.05,1,1,2,0,1,1829.67,8979.780350263001
9,1350.9422222222222,2263.17,0.2,9,3,1,1,0,12158.48,14114.043085182288
3,6027.186666666667,4639.02,0.2,7,3,1,1,1,18081.56,13796.669621087027
10,1694.87,-2012.08,0.2,8,0,1,1,2,16948.7,14545.120097609675
1,15047.54,2168.19,0.3,10,2,2,0,1,15047.54,22041.199914025063
10,617.792,1337.36,0.15,5,2,2,0,2,6177.92,14226.505912062355
7,1544.9771428571428,-1406.57,0.0,2,0,1,1,0,10814.84,10877.004199056364
6,962.6083333333332,-799.46,0.3,9,3,0,0,2,5775.65,9736.907316171139
6,480.165,989.9,0.0,6,0,1,1,1,2880.99,9234.344211582935
9,225.2255555555556,-421.56,0.1,6,3,1,1,2,2027.03,11668.139243130669
3,1717.3633333333337,406.98,0.3,12,3,2,0,0,5152.09,7793.265618514832
7,2868.1985714285715,6347.69,0.05,2,1,0,1,0,20077.39,14884.409098917498
3,2920.0,1786.36,0.0,9,2,2,1,0,8760.0,8899.713844595866
9,1810.92,4237.37,0.3,9,3,1,1,2,16298.28,15464.7995702431
4,2778.6175,949.67,0.3,6,3,2,0,2,11114.47,10299.732449325173
5,4780.228,-1608.85,0.3,4,1,2,1,1,23901.14,13015.33278845853
4,1043.2875,1235.12,0.05,3,0,1,1,1,4173.15,7906.79714152771
5,1736.958,727.88,0.1,1,1,1,1,1,8684.79,9683.149174748785
1,14263.64,-160.6,0.05,7,3,1,1,0,14263.64,19522.33665850108
6,1089.4433333333334,1207.48,0.05,9,1,0,1,1,6536.66,9998.544852582494
10,86.37,243.26,0.15,2,2,0,0,1,863.7,13242.624150607251
8,1375.475,267.62,0.0,7,2,2,1,0,11003.8,12093.409439680589
3,672.5433333333334,52.6,0.2,5,3,2,0,0,2017.63,6243.756785962719
1,12511.62,-2868.47,0.3,1,2,1,1,1,12511.62,17266.089695201612
7,83.55428571428571,-22.89,0.15,4,1,1,0,2,584.88,9953.896557275197
7,1082.6942857142856,-625.89,0.15,11,1,2,1,2,7578.86,10749.39777135567
4,4998.385,2509.6,0.2,11,2,0,1,1,19993.54,13071.378156493896
